id,title,parent_department_id,parent_priority,private,deleted_at,teleweb_queue,public_token,teleweb_incident_source_id,allow_transfer_if_empty,transfer_allowed_incident_source_ids,allow_transfer,internal_return_target,working_timeout_seconds,break_time,il_id,address,service_level_seconds,logo_isyeri_kodu,teleweb_incoming_call_action,new_tab_url,teleweb_shortcuts,phone_directory_group_ids,teleweb_incoming_tone,return_escape_call,return_escape_call_anons_id,outbound_cid,call_welcome_screen_fields,open_different_webforms,different_webforms,return_off_time_call,return_off_time_anons_id,break_options,last_was_in_wrap_up_second,molayi_sinirla,kuyrukta_bekleyen_kisi_sayisi_mola_siniri,take_break_if_disposition_code_is_not_selected,disposition_code_timeout_seconds,disposition_code_timeout,allow_postponed,moladaki_kisi_sayisi_mola_siniri,mudurluk,baskan_yardimciligi,teleweb_dashboard_incident_source_id,show_dashboard_convert_to_percent,daire_baskanligi,extra_teleweb_incident_source_ids,return_escape_call_time,mola_kisi_sayisi_sinirina_dahil_olan_mola_turleri,video_call_center,default_break_over_mode,return_escape_call_hour_range_start,return_escape_call_hour_range_end
1,Genel Sekreterlik,0,7,1,,4507,YVZnH-146753,5,0,,0,molestiae,11,10,,"115 Arsoy Haven
DeÄŸmeershire, OH 48194",60,54442,velit,http://www.durmus.net/,Quibusdam quaerat nesciunt necessitatibus. Labore aliquid optio alias soluta sint. Fugit eum a praesentium sunt similique perspiciatis ab. Officia corrupti reprehenderit ad.,,1,0,,(082)304 6569,"Tempore facilis nobis earum. Deleniti repellat sit natus libero vero quis voluptatum. Dignissimos dolor aspernatur deserunt.
Et corrupti eos.",1,,1,,dolore,30,1,,0,172,100,0,,sunt,libero,,0,odio,maxime,7,quisquam,0,,9:27:55,0:05:28
2,Afet Ýsleri Daire Baskanligi,0,5,1,,1862,DnMwF-671507,6,0,,1,libero,40,9,,"7207 Ã‡etin Island
Demirshire, MH 80610",98,73017,ea,http://www.bsh.tr/,"Alias praesentium harum. Distinctio harum nulla incidunt commodi eveniet odio. Dolores laborum rerum porro iusto.
Velit repellat vel suscipit. Omnis debitis nam id consequuntur eligendi.",,0,1,,0566 424 59 62,"Sed pariatur est sunt rem a asperiores. Dignissimos perferendis itaque laborum fugit.
Facere dolorem consequuntur natus. Quasi accusantium provident. Laboriosam ullam eligendi in accusantium.",1,,0,,voluptas,17,0,,0,143,146,1,,laborum,ducimus,,0,accusantium,a,9,id,0,,20:21:04,10:23:09
3,Basin Yayin ve Halka Iliskiler,0,3,1,,6342,qHWbd-913257,2,1,,1,est,52,10,,"79366 Tomurcuk Trail
New KÄ±rgÄ±z, MP 19688",119,87851,rem,http://www.mansiz.tr/,Sequi impedit quos pariatur illum aut. Laborum molestias exercitationem totam neque modi modi.,,0,0,,+90(302)3772643,"Perspiciatis doloribus esse tempore. Dolore eum nostrum exercitationem consectetur cumque. Ea nisi sint hic rem modi esse sequi.
Dolorum officia modi officia. Aperiam esse quo.",0,,0,,quis,40,0,,1,83,162,1,,expedita,commodi,,1,enim,illo,4,quisquam,0,,19:56:24,8:05:11
4,Bilgi Islem,0,7,1,,8517,LQdJw-006642,7,1,,1,neque,11,10,,"3264 Hatin Parkway Suite 455
Lake Zubeydeton, PR 99486",65,21547,odit,http://akca.net/,"Ut quidem perspiciatis. Iusto iste omnis voluptatem itaque blanditiis repellendus quibusdam. Distinctio deserunt tempora tempore libero a.
Inventore tenetur veniam aliquid eum ut totam dolorum.",,0,1,,+90 (387) 6120417,"Mollitia perferendis voluptas nam perspiciatis cupiditate. Doloremque occaecati ullam dicta. Consequuntur a odio deleniti doloremque mollitia numquam.
Et earum saepe fugiat.",1,,0,,sequi,24,0,,0,158,174,1,,tempora,quae,,1,rerum,nostrum,5,harum,1,,8:33:55,20:12:24
5,Cevre Koruma ve Kontrol Dairesi,0,3,1,,1183,zVByq-853082,4,0,,1,ut,33,10,,"51560 KÄ±sakÃ¼rek Spring
TÃ¼rkport, NJ 33674",75,61237,non,https://www.sezgin.net/,"Repellendus minus nihil et cum autem.
Sint officiis tenetur officia consequuntur impedit ipsa. Quibusdam fugit illo numquam reprehenderit impedit facere nesciunt.",,0,1,,9319999772,"Deserunt quo exercitationem nesciunt dolore aliquam voluptates.
Enim cumque dicta praesentium nostrum nostrum laudantium. Magni facere maxime expedita alias facere.",1,,1,,deserunt,17,1,,0,116,118,0,,incidunt,fugit,,0,eius,praesentium,9,cupiditate,0,,7:01:20,16:54:47
6,Destek Hizmetleri,0,7,1,,8597,jYxSU-256645,6,0,,0,impedit,60,5,,"PSC 8305, Box 9590
APO AP 56846",61,31023,aspernatur,http://yuksel.org/,"Eos numquam natus consectetur non mollitia. Ipsum dolore nulla nesciunt quo.
Tenetur recusandae et quia occaecati architecto. Suscipit voluptate sint tempore tempore aperiam inventore.",,1,0,,(397)767 7417,"Nemo ipsa nihil quisquam. Saepe autem nostrum. Exercitationem asperiores fugit nesciunt illum.
Consequuntur impedit a. Hic nulla repudiandae. Nam vero delectus.",1,,1,,error,11,1,,1,70,118,0,,eum,beatae,,1,occaecati,ad,0,voluptates,1,,18:26:57,0:10:17
7,Emlak ve Istimlak,0,2,1,,1183,yvOjo-960604,1,1,,0,deserunt,20,13,,"5474 Bilgin River
Ã‡altÄ±ton, NH 89243",75,57451,sunt,https://enka.com/,"Quisquam suscipit quis labore et odit eveniet. Pariatur illum ab.
At corporis quasi iusto autem aspernatur sequi.",,1,0,,(255)353 8848,"Beatae nemo laudantium cupiditate quibusdam voluptatem. Consequuntur nesciunt cum quis.
Eius sequi quisquam corrupti. In et assumenda soluta. Quisquam in dolorem quasi numquam dolorum accusamus.",0,,0,,possimus,20,1,,1,103,80,0,,quae,alias,,1,odio,pariatur,6,rerum,0,,11:01:19,19:20:12
8,Etut ve Projeler,0,4,1,,1016,IIppt-034975,2,0,,1,suscipit,45,13,,"999 Arslan Spurs
Port Dikenland, CA 88712",120,72062,ex,https://dumanli.tr/,Labore ipsam modi incidunt omnis. Magni ipsam architecto quo vitae earum. Praesentium iusto similique soluta.,,0,1,,+90(267)659-6497x9864,"Autem eius similique modi saepe sit tempore. Ipsa cum assumenda possimus velit ullam possimus.
Similique vel ipsum et.",1,,0,,repellat,42,1,,1,71,93,1,,aliquid,nam,,0,earum,minima,9,eaque,1,,3:55:05,20:30:51
9,Fen Isleri,0,3,1,,5374,VJjPb-413140,2,1,,1,ducimus,19,14,,"4951 TÃ¼rk Union Suite 006
South KaÅŸif, AL 15223",65,59241,consequuntur,http://www.firat.org/,Alias velit debitis consectetur. Molestias mollitia omnis illo odit soluta porro. Consequuntur doloremque praesentium officia.,,1,0,,526 3 411,"Dolor aliquid natus consequuntur. Dolor architecto voluptates voluptatem in facere.
Accusantium illum magnam delectus nulla et. Eligendi distinctio odio optio.",1,,1,,quaerat,48,1,,0,169,149,1,,deleniti,ipsa,,0,sapiente,quas,2,libero,1,,21:40:13,14:44:51
10,Genclik ve Spor Hizmetleri,0,7,0,,7084,JsYSA-997955,1,0,,1,laborum,46,5,,"6885 GÃ¶rklÃ¼ Junctions Suite 081
Ã‡Ä±vgÄ±nside, OR 75015",110,85178,debitis,https://ihsanoglu.org/,"Assumenda deserunt reiciendis repellendus. Quas consequuntur magnam delectus atque.
Vero officiis id unde iusto deserunt dicta.",,1,1,,062 8 304,"Eligendi inventore voluptates. Sint similique facilis cupiditate quis. Libero magni perferendis minus dignissimos culpa reprehenderit.
Voluptatum maxime ipsa dolore praesentium quod.",0,,0,,voluptas,55,1,,1,122,79,1,,perspiciatis,impedit,,1,adipisci,nam,9,quia,0,,9:59:14,13:59:38
11,1. Huhuh Musavirligi,0,10,1,,5345,wpLcd-024682,6,0,,0,cum,40,6,,"389 Ahat Avenue
North YÃ¼muntown, AK 23155",95,18376,a,http://akcay.org/,"Quisquam aspernatur assumenda quas.
Consequatur dolores nihil amet consectetur. Similique non illum veniam magnam dolores laborum. Atque facere odit molestias voluptates nihil architecto perferendis.",,1,0,,0007-089 9706,"Placeat voluptates sapiente facere nulla. Pariatur quae natus quidem.
Possimus iste voluptate culpa fugit illum. Aspernatur ipsa perspiciatis nulla delectus. Quam neque molestias atque quisquam.",1,,1,,sequi,56,1,,1,122,163,0,,perspiciatis,beatae,,0,ducimus,harum,3,in,1,,17:53:22,17:20:57
12,Ic Denetim Birimi,0,1,1,,8676,EhKbm-829864,2,0,,0,sequi,38,14,,"8293 Demir Mountains
New Adalside, SD 28407",82,19519,a,http://www.akdeniz.com/,"Ducimus voluptates non ipsa ipsum aspernatur. Architecto possimus porro atque.
Consectetur laborum illo consequuntur blanditiis. Culpa optio officiis alias consequatur.",,1,1,,+90 (288) 0814646,Eius hic totam qui excepturi fugit incidunt. Repellendus quam aliquid similique.,0,,0,,tempora,42,0,,1,64,105,0,,maiores,quibusdam,,0,id,assumenda,10,officiis,1,,19:40:56,0:21:38
13,Imar ve Sehircilik,0,6,1,,8547,NBElB-275801,8,0,,0,a,46,9,,"267 AkÃ§ay Plain
YÃ¼kselshire, HI 61956",63,63609,quibusdam,https://www.sensoy.tr/,"Dolor sint modi fugiat sapiente omnis. Aliquam ex nesciunt tenetur voluptate. Dolorum tempora repellendus magni.
Voluptas quas minus accusamus voluptate. Enim atque quo molestiae dignissimos.",,0,1,,0536 630 67 96,"Impedit dignissimos velit labore.
Alias sequi vitae at libero. Minima magni officia incidunt laborum. Ut doloremque error itaque quod.",0,,1,,molestiae,58,1,,0,164,94,1,,dignissimos,ut,,1,laudantium,porro,2,nulla,0,,7:15:15,1:37:34
14,Insan Kaynaklari ve Egitim,0,6,1,,6684,ztayB-431897,7,1,,0,repudiandae,51,7,,"6620 Kitan Port
ErgÃ¼ltown, OR 52040",103,84870,repellat,http://tevetoglu.tr/,Vero dicta aperiam recusandae nesciunt incidunt. Maiores labore quae delectus.,,0,1,,0066 391 89 55,"Consequuntur unde temporibus similique adipisci. Vitae est non quod labore.
Sequi tempora iusto ea. Vel ullam veritatis asperiores.",0,,1,,quibusdam,5,0,,1,95,130,1,,doloribus,necessitatibus,,1,beatae,asperiores,7,nam,0,,15:31:12,19:29:31
15,Itfaiye Dairesi,0,4,1,,6088,BAJfg-105591,5,0,,1,totam,33,13,,"6069 ArÄ±el Cliffs
North Nurcan, NC 33210",82,23484,dolor,http://safak.org/,"Maxime incidunt minima unde rerum. Aliquid perferendis iste ratione.
Enim ut deserunt et ullam ab aliquam. Totam quam nesciunt laboriosam.
Velit magni adipisci. Pariatur repellendus ea velit et.",,0,1,,(235)175 9223,Minima iusto voluptates repellat eius dignissimos illo. Reprehenderit consectetur cum nemo saepe est recusandae.,0,,1,,adipisci,42,0,,0,165,180,1,,odio,repudiandae,,0,asperiores,odio,8,adipisci,1,,13:55:22,14:08:12
16,Iklim Degisikligi ve Sifir Atik Dairesi,0,3,0,,7717,jUJpL-765371,4,0,,1,dolores,48,6,,"56525 DumanlÄ± Point
Ä°nÃ¶nÃ¼port, OK 00728",110,91660,esse,http://karadeniz.net/,"Reiciendis possimus officiis quo non. Nobis corporis rem ullam. Nisi laudantium voluptate labore tempora.
Assumenda debitis vel eos eaque. Fuga dolore soluta aut.",,1,0,,+90(158)248-2002x239,"Iure atque deleniti vitae ipsum aliquam modi. Architecto itaque placeat hic at voluptatum.
In excepturi et a. Quaerat eum commodi illum nulla error aperiam. Officiis recusandae perspiciatis.",0,,0,,est,51,1,,1,85,101,0,,rem,quasi,,1,quo,fugiat,10,veritatis,1,,12:00:33,12:44:27
17,Kadin ve Aile Hizmetleri,0,8,0,,1332,apjOF-429579,4,0,,0,facilis,14,8,,"36557 Soylu Ports
Nuyanfort, AL 75628",63,64065,incidunt,https://tofas.net/,Iste cupiditate laborum eum earum assumenda. Minus voluptatem voluptatum perspiciatis sint. Accusantium aliquid tenetur iure aspernatur dolorum. Consequatur ipsum repudiandae consequuntur inventore.,,0,1,,+90(841)948-0534x578,Voluptate ipsa in totam accusamus labore. Quod voluptate officiis at delectus.,0,,1,,fugiat,9,1,,0,135,147,0,,voluptas,repellat,,1,occaecati,commodi,8,harum,1,,2:24:51,18:17:37
18,Kalite Yonetimi ve Kent Arastirmasi,0,9,0,,5790,pEMvo-410992,2,1,,0,eos,30,11,,"667 Mucahit Station
Yorulmazshire, WV 04443",66,12610,harum,http://www.eraslan.org/,"Rem dignissimos vitae aliquid.
Sint expedita laudantium porro libero dolorem consectetur. Nostrum eum quidem occaecati odio. Eligendi laboriosam et illo mollitia ad aliquid.",,0,0,,625 7 418,Architecto veniam laborum beatae consequatur ab quo harum. Quia odit blanditiis consequatur eligendi recusandae.,1,,1,,itaque,28,0,,1,83,67,0,,porro,tempore,,0,reiciendis,hic,5,ex,0,,9:19:15,14:32:56
19,Kultur ve Sosyal Isler,0,6,0,,9311,yNQag-437935,3,1,,1,eum,35,14,,"7877 Åžabettin Lights
SÃ¼leylachester, RI 16570",100,96285,nisi,http://durmus.com/,Tempora ad qui expedita pariatur nulla. Maiores voluptatum nihil. Laborum veritatis animi ad vitae alias.,,0,1,,+90 (561) 9520942,Illo eveniet numquam recusandae voluptas asperiores. Dignissimos eos nemo delectus animi asperiores voluptate.,0,,0,,hic,54,0,,1,156,173,0,,voluptas,nemo,,0,nesciunt,a,9,hic,0,,10:06:28,7:46:44
20,Makine Ikmal Bakim ve Onarim,0,8,0,,9876,AdoHR-400019,9,1,,1,fugiat,28,7,,"522 HanÃ§er Isle
Lake Ã–zkutlufort, NE 01794",108,22749,earum,https://www.anadolu.tr/,Ab voluptatem tempora aliquid nisi ipsum. Quis consequuntur pariatur libero qui similique. Illo in similique consectetur.,,0,0,,+90 (586) 1126152,Animi corporis repudiandae temporibus dignissimos et cupiditate. Laborum maxime velit quo. Minus maiores nesciunt quibusdam dolore corporis.,1,,1,,nam,56,1,,0,108,77,0,,porro,illum,,1,ipsum,eligendi,6,numquam,1,,9:07:46,3:18:17
21,Mali Hizmetler,0,7,0,,9940,nrxiE-522502,6,1,,0,nulla,10,7,,"02641 ErtaÅŸ Burgs
New Nazendemouth, VI 20785",60,65850,nesciunt,https://gulen.com/,Modi architecto laborum alias officiis iure laboriosam ratione. Et doloremque et beatae. Molestiae voluptates ut autem repudiandae vero ab. Asperiores pariatur minima voluptate excepturi.,,1,0,,+90(568)376-6460x9067,"Sequi sit accusamus. Aliquam expedita animi. Reprehenderit impedit incidunt velit.
Cum voluptatibus voluptas corrupti velit voluptate omnis.",1,,0,,sint,21,1,,1,92,111,1,,laudantium,corporis,,0,cupiditate,voluptatem,1,rem,1,,17:13:42,3:55:51
22,Mezarliklar Dairesi,0,1,1,,6227,QdvoM-834281,7,1,,1,earum,12,11,,"503 Sezer River Suite 746
East Evde, NV 87176",76,34069,expedita,https://turk.tr/,Alias debitis dolorum repudiandae repellendus corporis eaque. Dolor cumque reiciendis doloribus. Impedit iure laborum accusantium similique.,,1,1,,+90 (615) 2813048,Ipsam accusantium totam eaque nostrum nemo tenetur. Enim optio quisquam quia quidem nihil alias sunt. Repellat esse aliquid dolor voluptatibus vitae.,1,,0,,dolor,39,1,,0,151,158,0,,esse,quas,,0,vitae,nisi,6,provident,1,,6:04:44,2:54:55
23,Muhtarlik Isleri,0,9,0,,5707,UsDhM-859835,4,0,,1,sed,50,7,,"063 DurmuÅŸ Street Apt. 402
BariÅŸchester, AS 35635",90,92456,nobis,https://www.durmus.net/,"Blanditiis hic illum cupiditate aut. Fugit sit hic dolores cupiditate similique doloremque. Omnis in quas animi.
Aperiam quis vitae aliquam. Quam illum asperiores quos praesentium culpa repudiandae.",,1,0,,+90(987)5100726,"Placeat voluptates consectetur dolorum. Alias nesciunt saepe deserunt laboriosam occaecati. Sint cumque facere exercitationem quod qui quod.
Aliquam laborum est quae. Fugiat earum ab.",1,,0,,minima,33,1,,1,139,85,1,,aspernatur,cupiditate,,1,ut,placeat,1,illum,1,,14:58:51,7:58:44
24,Ozel Kalem Mudurlugu,0,1,1,,4304,fJppV-001983,9,1,,0,eius,17,6,,"PSC 1005, Box 9034
APO AA 28546",114,77185,accusamus,https://www.borcelik.com/,Quibusdam sunt soluta. Qui modi repudiandae velit deserunt. Ipsum itaque iure voluptatem at expedita.,,0,0,,581769555,Quibusdam maiores fugiat nemo soluta. Fugiat labore beatae suscipit.,1,,0,,similique,57,1,,1,66,126,0,,praesentium,eos,,1,impedit,eos,2,sed,1,,5:02:37,22:30:08
25,Park ve Bahceler Dairesi,0,1,0,,7115,ffUrN-646485,3,0,,0,voluptatum,28,10,,"88263 AkÃ§a Drive Apt. 075
Zorluburgh, WV 09873",101,43179,eaque,https://ulker.net/,Deleniti voluptate ipsam dignissimos inventore fugiat. Dolorum illo dolor et doloribus at inventore. Deserunt vel illo quas quos.,,1,1,,+90(102)073-2645x3181,"Vel labore beatae praesentium nisi iste suscipit. Deserunt eveniet voluptas et odio molestias.
Architecto itaque recusandae eligendi quasi recusandae nulla. Inventore minima eveniet mollitia.",1,,1,,ab,50,0,,0,114,69,0,,quaerat,iusto,,0,sapiente,voluptatem,0,nihil,0,,15:19:29,6:47:30
26,Protokol ve Torenler Sžubesi,0,10,1,,8352,OLqio-389623,7,0,,0,magni,44,8,,"4498 FÄ±rat Summit
Efilberg, MI 72194",87,14572,distinctio,http://www.kroman.net/,Ut voluptatum cum soluta repellat deserunt. Consectetur totam eius consequuntur eveniet sed.,,0,0,,(000)216 4314,"Facere velit ipsum. Repudiandae nisi corrupti.
Distinctio ea explicabo sapiente. Possimus illo earum tempora dolorem excepturi maiores. Accusantium incidunt itaque consectetur.",1,,0,,voluptatum,12,0,,1,178,66,1,,tempore,repellat,,0,ipsum,odio,7,saepe,0,,14:54:54,0:35:34
27,Saglik Isleri,0,1,1,,3482,byfbf-940837,7,0,,0,amet,58,11,,"31913 Yaman Grove
Sezerburgh, OR 37527",103,72974,possimus,http://limak.com/,Tempore saepe aperiam. Officiis aspernatur maiores cumque. Omnis blanditiis modi ut perspiciatis.,,1,1,,+90(518)1048833,"Asperiores earum facilis sit minima. Facere animi sequi nam.
Qui dolore ea. Sint doloremque vitae rerum excepturi quia. Asperiores occaecati aliquam molestiae quod vero.",0,,0,,iste,50,0,,0,100,172,1,,enim,ex,,0,nisi,quos,9,dolorum,0,,15:38:01,13:19:27
28,Sosyal Hizmetler,0,2,0,,3393,WGZNc-951407,2,0,,0,saepe,14,11,,"547 Ä°kiz Estate
New YargÄ±borough, KS 01934",112,78029,sint,https://sensoy.tr/,Cum nesciunt animi quod. Architecto porro delectus ullam deleniti atque. Cum sint hic ipsa sed itaque occaecati.,,0,0,,+90 (362) 6613840,Dolores culpa dolore vitae pariatur cupiditate molestias. Dicta eum porro veritatis.,1,,1,,nulla,46,0,,0,81,67,1,,commodi,sed,,0,tenetur,incidunt,8,provident,1,,3:51:50,22:19:26
29,Tarimsal Hizmetler,0,8,0,,1357,cdCSE-813327,4,1,,0,inventore,11,7,,"179 ErgÃ¼l Passage
Ä°hsanoÄŸluchester, UT 77074",73,55526,iure,https://ulker.org/,Quaerat porro consequuntur esse laborum consequatur saepe modi. Natus excepturi eligendi quod similique explicabo. Natus aliquam molestias temporibus fugiat neque sapiente laudantium.,,1,0,,(695)578 9375,Impedit saepe neque laborum cupiditate beatae quasi. Voluptatem nulla in quis natus atque quis amet. Dolorum autem quo id voluptates ut illum.,1,,1,,esse,10,0,,1,96,121,1,,alias,omnis,,0,ab,quidem,9,aliquid,0,,10:48:25,3:43:42
30,Teftis Kurulu,0,8,1,,4605,gVBXG-743590,10,0,,0,voluptas,33,11,,"09435 Tan Wells
Ã–zaytown, CO 73833",111,80443,porro,https://www.tp.net/,Quas deserunt iure pariatur quis. Quisquam illum eius sunt. Voluptatibus possimus nemo corrupti nisi.,,1,0,,(456)493 7070,Laudantium molestias quisquam magni odio quis quae. Vero accusamus quisquam assumenda. Doloremque aperiam corrupti natus voluptatem labore ea officiis.,1,,1,,suscipit,6,0,,1,137,85,0,,similique,eos,,1,suscipit,repellat,4,magni,0,,22:06:36,22:58:30
31,Ulasim Dairesi,0,1,1,,5560,LZJGe-256360,10,1,,0,temporibus,25,5,,"Unit 4518 Box 3664
DPO AP 59425",85,43352,vero,http://safak.org/,"Ratione provident vel autem quae itaque ab.
Amet beatae pariatur quos veniam cum. Soluta inventore porro inventore exercitationem dicta sint. Suscipit ratione quibusdam illum ad et totam.",,0,0,,0870-900 0169,"Ratione provident ducimus at aliquid. Accusantium dolores soluta eligendi ad.
Quia voluptates magni aspernatur id. Harum dolores amet amet. Incidunt ut praesentium sequi alias.",0,,1,,iure,14,1,,1,73,118,0,,consectetur,deserunt,,0,quasi,dolor,6,accusamus,0,,11:04:37,9:02:11
32,Yol Yapim Bakim ve Onarim,0,3,0,,5346,SvnZP-273764,10,1,,0,velit,26,7,,"20105 Alemdar Locks
Ãœlkeborough, NM 00730",110,14559,quasi,http://www.seven.tr/,Odio libero occaecati necessitatibus unde repellendus. Dignissimos voluptatibus omnis id sit commodi. Quam vero unde.,,1,1,,132 5 684,Molestiae officia officiis soluta sequi quam. Quaerat in eligendi libero. Nulla iure sed veniam quos error.,0,,1,,quasi,3,1,,1,158,79,1,,incidunt,sit,,1,ullam,blanditiis,9,voluptatibus,1,,12:01:16,9:41:30
33,Yazi Isleri ve Kararlar,0,4,1,,6953,XUtGZ-894244,7,0,,0,quibusdam,53,15,,"821 Selaheddin Prairie
Port KÄ±lÄ±Ã§bay, ID 94905",110,47993,error,https://www.gubre.com/,Id placeat inventore voluptatum. Exercitationem tempore ex soluta molestias. Officiis non nisi aliquid rerum id tempora. Voluptate praesentium doloribus omnis nemo modi dolorem.,,0,1,,+90(792)906-9483x766,Excepturi aspernatur numquam similique tempore odio minus saepe. Dolore veniam numquam cum autem asperiores.,0,,0,,molestias,15,1,,0,60,130,1,,incidunt,quam,,1,fugiat,beatae,4,fuga,1,,19:42:52,9:58:14
34,Zabita,0,6,1,,9381,UVJsS-796340,2,1,,1,id,31,11,,"60403 DumanlÄ± Passage
HÃ¼rÃ¼yetfurt, IN 40342",82,94087,tenetur,https://bilge.net/,Accusantium facere ipsam veniam. Neque at laborum debitis autem quam voluptatum. Dolorum doloremque eveniet.,,1,1,,0844-888 2527,Non quasi distinctio amet quo earum. Nemo vitae consequatur occaecati voluptatem exercitationem. Velit porro mollitia nulla numquam consequuntur.,1,,0,,hic,24,0,,0,172,64,1,,animi,aut,,0,sunt,exercitationem,5,deleniti,0,,10:45:40,6:50:13
35,Veteriner Isleri,0,7,1,,2915,HYTmg-887332,3,1,,0,quibusdam,35,14,,"47810 Åžahmettin Cove Apt. 820
South DanÄ±ÅŸ, PW 41419",74,96413,placeat,https://akdeniz.net/,Id minima natus voluptates explicabo officiis neque ab. Repudiandae atque pariatur tempore eos alias. Nobis expedita vitae iusto.,,0,0,,+90 (030) 2186220,"Suscipit ea sint. Vitae sapiente non iure nemo. Quos voluptates officiis.
Voluptate rerum accusamus perferendis minus accusantium. Dicta maiores nisi reiciendis unde iste cumque. Sunt eius dolorum.",1,,0,,culpa,0,1,,1,64,124,0,,voluptatem,enim,,0,accusantium,sunt,5,aspernatur,0,,17:12:02,19:26:50
